<?xml version="1.0" encoding="UTF-8"?>
<application xmlns="http://ns.adobe.com/air/application/2.5">
    <id>SimonSays</id>
    <filename>SimonDice</filename>
    <name>Simon Says - Simon Dice</name>
    <versionNumber>1.0.0</versionNumber>
    <copyright>Guillermo Ortega</copyright>
    <initialWindow>
        <content>SimonSays.swf</content>
        <visible>true</visible>
        <width>1024</width>
        <height>600</height>
        <autoOrients>false</autoOrients>
        <aspectRatio>landscape</aspectRatio>
    </initialWindow>
    <qnx>
        <icon>
            <image>blackberry-tablet-icon.png</image>
        </icon>
        <author>author</author>
        <authorId>000000000000000000000000000</authorId>
    </qnx>
</application>
